Date,Race,Gap,Step,Stake,Cost,Payout,PnL,Equity,Notes
2024-08-12,2,6,2,4.0,2.0,0.0,-2.0,-2.0,LOSS (Stp 1)
2024-08-12,3,0,0,2.0,8.0,36.0,28.0,26.0,WIN on 3 (Stp 2)
2024-08-15,2,5,2,4.0,2.0,0.0,-2.0,24.0,LOSS (Stp 1)
2024-08-15,3,6,3,8.0,8.0,0.0,-8.0,16.0,LOSS (Stp 2)
2024-08-15,4,7,4,16.0,24.0,0.0,-24.0,-8.0,LOSS (Stp 3)
2024-08-16,2,0,0,2.0,16.0,144.0,128.0,120.0,WIN on 1 (Stp 4)
2024-08-19,3,0,0,2.0,4.0,18.0,14.0,134.0,WIN on 3 (Stp 1)
2024-08-22,2,6,2,4.0,2.0,0.0,-2.0,132.0,LOSS (Stp 1)
2024-08-22,3,7,3,8.0,8.0,0.0,-8.0,124.0,LOSS (Stp 2)
2024-08-22,4,8,4,16.0,24.0,0.0,-24.0,100.0,LOSS (Stp 3)
2024-08-23,2,10,5,32.0,16.0,0.0,-16.0,84.0,LOSS (Stp 4)
2024-08-23,3,11,6,64.0,64.0,0.0,-64.0,20.0,LOSS (Stp 5)
2024-08-23,4,12,0,2.0,192.0,0.0,-192.0,-172.0,LOSS (Stp 6) [STOP LOSS]
2024-08-24,2,14,2,4.0,2.0,0.0,-2.0,-174.0,LOSS (Stp 1)
2024-08-24,3,15,3,8.0,8.0,0.0,-8.0,-182.0,LOSS (Stp 2)
2024-08-24,4,16,4,16.0,24.0,0.0,-24.0,-206.0,LOSS (Stp 3)
2024-08-25,2,18,5,32.0,16.0,0.0,-16.0,-222.0,LOSS (Stp 4)
2024-08-25,3,0,0,2.0,64.0,288.0,224.0,2.0,WIN on 0 (Stp 5)
2024-08-28,2,0,0,2.0,2.0,18.0,16.0,18.0,WIN on 0 (Stp 1)
2024-08-29,4,0,0,2.0,6.0,18.0,12.0,30.0,WIN on 8 (Stp 1)
2024-09-01,2,6,2,4.0,2.0,0.0,-2.0,28.0,LOSS (Stp 1)
2024-09-01,3,7,3,8.0,8.0,0.0,-8.0,20.0,LOSS (Stp 2)
2024-09-01,4,8,4,16.0,24.0,0.0,-24.0,-4.0,LOSS (Stp 3)
2024-09-02,2,0,0,2.0,16.0,144.0,128.0,124.0,WIN on 1 (Stp 4)
2024-09-04,2,6,2,4.0,2.0,0.0,-2.0,122.0,LOSS (Stp 1)
2024-09-04,3,0,0,2.0,8.0,36.0,28.0,150.0,WIN on 0 (Stp 2)
2024-09-06,2,5,2,4.0,2.0,0.0,-2.0,148.0,LOSS (Stp 1)
2024-09-06,3,0,0,2.0,8.0,36.0,28.0,176.0,WIN on 3 (Stp 2)
2024-09-08,2,6,2,4.0,2.0,0.0,-2.0,174.0,LOSS (Stp 1)
2024-09-08,3,7,3,8.0,8.0,0.0,-8.0,166.0,LOSS (Stp 2)
2024-09-08,4,8,4,16.0,24.0,0.0,-24.0,142.0,LOSS (Stp 3)
2024-09-09,2,10,5,32.0,16.0,0.0,-16.0,126.0,LOSS (Stp 4)
2024-09-09,3,0,0,2.0,64.0,288.0,224.0,350.0,WIN on 3 (Stp 5)
2024-09-12,2,6,2,4.0,2.0,0.0,-2.0,348.0,LOSS (Stp 1)
2024-09-12,3,0,0,2.0,8.0,36.0,28.0,376.0,WIN on 7 (Stp 2)
2024-09-15,2,5,2,4.0,2.0,0.0,-2.0,374.0,LOSS (Stp 1)
2024-09-15,3,6,3,8.0,8.0,0.0,-8.0,366.0,LOSS (Stp 2)
2024-09-16,2,0,0,2.0,8.0,72.0,64.0,430.0,WIN on 0 (Stp 3)
2024-09-18,2,6,2,4.0,2.0,0.0,-2.0,428.0,LOSS (Stp 1)
2024-09-18,3,7,3,8.0,8.0,0.0,-8.0,420.0,LOSS (Stp 2)
2024-09-19,2,0,0,2.0,8.0,72.0,64.0,484.0,WIN on 8 (Stp 3)
2024-09-21,2,6,2,4.0,2.0,0.0,-2.0,482.0,LOSS (Stp 1)
2024-09-21,3,7,3,8.0,8.0,0.0,-8.0,474.0,LOSS (Stp 2)
2024-09-22,2,9,4,16.0,8.0,0.0,-8.0,466.0,LOSS (Stp 3)
2024-09-22,3,10,5,32.0,32.0,0.0,-32.0,434.0,LOSS (Stp 4)
2024-09-23,2,12,6,64.0,32.0,0.0,-32.0,402.0,LOSS (Stp 5)
2024-09-23,3,13,0,2.0,128.0,0.0,-128.0,274.0,LOSS (Stp 6) [STOP LOSS]
2024-09-24,2,15,2,4.0,2.0,0.0,-2.0,272.0,LOSS (Stp 1)
2024-09-24,3,16,3,8.0,8.0,0.0,-8.0,264.0,LOSS (Stp 2)
2024-09-25,2,0,0,2.0,8.0,72.0,64.0,328.0,WIN on 5 (Stp 3)
2024-09-29,2,5,2,4.0,2.0,0.0,-2.0,326.0,LOSS (Stp 1)
2024-09-29,3,6,3,8.0,8.0,0.0,-8.0,318.0,LOSS (Stp 2)
2024-09-30,2,8,4,16.0,8.0,0.0,-8.0,310.0,LOSS (Stp 3)
2024-09-30,3,9,5,32.0,32.0,0.0,-32.0,278.0,LOSS (Stp 4)
2024-10-01,2,11,6,64.0,32.0,0.0,-32.0,246.0,LOSS (Stp 5)
2024-10-01,3,12,0,2.0,128.0,0.0,-128.0,118.0,LOSS (Stp 6) [STOP LOSS]
2024-10-02,2,14,2,4.0,2.0,0.0,-2.0,116.0,LOSS (Stp 1)
2024-10-02,3,15,3,8.0,8.0,0.0,-8.0,108.0,LOSS (Stp 2)
2024-10-03,2,17,4,16.0,8.0,0.0,-8.0,100.0,LOSS (Stp 3)
2024-10-03,3,18,5,32.0,32.0,0.0,-32.0,68.0,LOSS (Stp 4)
2024-10-03,4,19,6,64.0,96.0,0.0,-96.0,-28.0,LOSS (Stp 5)
2024-10-04,2,21,0,2.0,64.0,0.0,-64.0,-92.0,LOSS (Stp 6) [STOP LOSS]
2024-10-04,3,22,2,4.0,4.0,0.0,-4.0,-96.0,LOSS (Stp 1)
2024-10-05,2,24,3,8.0,4.0,0.0,-4.0,-100.0,LOSS (Stp 2)
2024-10-05,3,25,4,16.0,16.0,0.0,-16.0,-116.0,LOSS (Stp 3)
2024-10-05,4,26,5,32.0,48.0,0.0,-48.0,-164.0,LOSS (Stp 4)
2024-10-06,2,28,6,64.0,32.0,0.0,-32.0,-196.0,LOSS (Stp 5)
2024-10-06,3,29,0,2.0,128.0,0.0,-128.0,-324.0,LOSS (Stp 6) [STOP LOSS]
2024-10-07,2,31,2,4.0,2.0,0.0,-2.0,-326.0,LOSS (Stp 1)
2024-10-07,3,32,3,8.0,8.0,0.0,-8.0,-334.0,LOSS (Stp 2)
2024-10-08,2,34,4,16.0,8.0,0.0,-8.0,-342.0,LOSS (Stp 3)
2024-10-08,3,0,0,2.0,32.0,144.0,112.0,-230.0,WIN on 9 (Stp 4)
2024-10-10,2,5,2,4.0,2.0,0.0,-2.0,-232.0,LOSS (Stp 1)
2024-10-10,3,0,0,2.0,8.0,36.0,28.0,-204.0,WIN on 4 (Stp 2)
2024-10-12,2,5,2,4.0,2.0,0.0,-2.0,-206.0,LOSS (Stp 1)
2024-10-12,3,6,3,8.0,8.0,0.0,-8.0,-214.0,LOSS (Stp 2)
2024-10-13,2,0,0,2.0,8.0,72.0,64.0,-150.0,WIN on 5 (Stp 3)
2024-10-15,2,6,2,4.0,2.0,0.0,-2.0,-152.0,LOSS (Stp 1)
2024-10-15,3,0,0,2.0,8.0,36.0,28.0,-124.0,WIN on 4 (Stp 2)
2024-10-17,2,5,2,4.0,2.0,0.0,-2.0,-126.0,LOSS (Stp 1)
2024-10-17,3,6,3,8.0,8.0,0.0,-8.0,-134.0,LOSS (Stp 2)
2024-10-17,4,7,4,16.0,24.0,0.0,-24.0,-158.0,LOSS (Stp 3)
2024-10-18,2,9,5,32.0,16.0,0.0,-16.0,-174.0,LOSS (Stp 4)
2024-10-18,3,10,6,64.0,64.0,0.0,-64.0,-238.0,LOSS (Stp 5)
2024-10-19,2,12,0,2.0,64.0,0.0,-64.0,-302.0,LOSS (Stp 6) [STOP LOSS]
2024-10-19,3,13,2,4.0,4.0,0.0,-4.0,-306.0,LOSS (Stp 1)
2024-10-19,4,14,3,8.0,12.0,0.0,-12.0,-318.0,LOSS (Stp 2)
2024-10-21,2,16,4,16.0,8.0,0.0,-8.0,-326.0,LOSS (Stp 3)
2024-10-21,3,0,0,2.0,32.0,144.0,112.0,-214.0,WIN on 0 (Stp 4)
2024-10-23,2,5,2,4.0,2.0,0.0,-2.0,-216.0,LOSS (Stp 1)
2024-10-23,3,6,3,8.0,8.0,0.0,-8.0,-224.0,LOSS (Stp 2)
2024-10-24,2,8,4,16.0,8.0,0.0,-8.0,-232.0,LOSS (Stp 3)
2024-10-24,3,0,0,2.0,32.0,144.0,112.0,-120.0,WIN on 6 (Stp 4)
2024-10-26,2,6,2,4.0,2.0,0.0,-2.0,-122.0,LOSS (Stp 1)
2024-10-26,3,0,0,2.0,8.0,36.0,28.0,-94.0,WIN on 4 (Stp 2)
2024-10-29,2,5,2,4.0,2.0,0.0,-2.0,-96.0,LOSS (Stp 1)
2024-10-29,3,6,3,8.0,8.0,0.0,-8.0,-104.0,LOSS (Stp 2)
2024-10-30,2,0,0,2.0,8.0,72.0,64.0,-40.0,WIN on 3 (Stp 3)
2024-11-06,4,5,2,4.0,6.0,0.0,-6.0,-46.0,LOSS (Stp 1)
2024-11-07,2,7,3,8.0,4.0,0.0,-4.0,-50.0,LOSS (Stp 2)
2024-11-07,3,8,4,16.0,16.0,0.0,-16.0,-66.0,LOSS (Stp 3)
2024-11-07,4,9,5,32.0,48.0,0.0,-48.0,-114.0,LOSS (Stp 4)
2024-11-08,2,11,6,64.0,32.0,0.0,-32.0,-146.0,LOSS (Stp 5)
2024-11-08,3,0,0,2.0,128.0,576.0,448.0,302.0,WIN on 2 (Stp 6)
2024-11-10,2,5,2,4.0,2.0,0.0,-2.0,300.0,LOSS (Stp 1)
2024-11-10,3,0,0,2.0,8.0,36.0,28.0,328.0,WIN on 0 (Stp 2)
2024-11-12,3,5,2,4.0,4.0,0.0,-4.0,324.0,LOSS (Stp 1)
2024-11-12,4,0,0,2.0,12.0,36.0,24.0,348.0,WIN on 9 (Stp 2)
2024-11-14,2,6,2,4.0,2.0,0.0,-2.0,346.0,LOSS (Stp 1)
2024-11-14,3,7,3,8.0,8.0,0.0,-8.0,338.0,LOSS (Stp 2)
2024-11-14,4,0,0,2.0,24.0,72.0,48.0,386.0,WIN on 8 (Stp 3)
2024-11-18,2,5,2,4.0,2.0,0.0,-2.0,384.0,LOSS (Stp 1)
2024-11-18,3,6,3,8.0,8.0,0.0,-8.0,376.0,LOSS (Stp 2)
2024-11-19,2,8,4,16.0,8.0,0.0,-8.0,368.0,LOSS (Stp 3)
2024-11-19,3,0,0,2.0,32.0,144.0,112.0,480.0,WIN on 7 (Stp 4)
2024-11-21,2,5,2,4.0,2.0,0.0,-2.0,478.0,LOSS (Stp 1)
2024-11-21,3,6,3,8.0,8.0,0.0,-8.0,470.0,LOSS (Stp 2)
2024-11-22,2,0,0,2.0,8.0,72.0,64.0,534.0,WIN on 8 (Stp 3)
2024-11-24,2,6,2,4.0,2.0,0.0,-2.0,532.0,LOSS (Stp 1)
2024-11-24,3,0,0,2.0,8.0,36.0,28.0,560.0,WIN on 1 (Stp 2)
2024-11-26,2,5,2,4.0,2.0,0.0,-2.0,558.0,LOSS (Stp 1)
2024-11-26,3,6,3,8.0,8.0,0.0,-8.0,550.0,LOSS (Stp 2)
2024-11-27,2,0,0,2.0,8.0,72.0,64.0,614.0,WIN on 8 (Stp 3)
2024-11-30,2,6,2,4.0,2.0,0.0,-2.0,612.0,LOSS (Stp 1)
2024-11-30,3,7,3,8.0,8.0,0.0,-8.0,604.0,LOSS (Stp 2)
2024-12-01,2,9,4,16.0,8.0,0.0,-8.0,596.0,LOSS (Stp 3)
2024-12-01,3,0,0,2.0,32.0,144.0,112.0,708.0,WIN on 2 (Stp 4)
2024-12-05,2,0,0,2.0,2.0,18.0,16.0,724.0,WIN on 8 (Stp 1)
2024-12-07,2,6,2,4.0,2.0,0.0,-2.0,722.0,LOSS (Stp 1)
2024-12-07,3,7,3,8.0,8.0,0.0,-8.0,714.0,LOSS (Stp 2)
2024-12-08,2,9,4,16.0,8.0,0.0,-8.0,706.0,LOSS (Stp 3)
2024-12-08,3,10,5,32.0,32.0,0.0,-32.0,674.0,LOSS (Stp 4)
2024-12-09,2,12,6,64.0,32.0,0.0,-32.0,642.0,LOSS (Stp 5)
2024-12-09,3,13,0,2.0,128.0,0.0,-128.0,514.0,LOSS (Stp 6) [STOP LOSS]
2024-12-09,4,14,2,4.0,6.0,0.0,-6.0,508.0,LOSS (Stp 1)
2024-12-10,2,16,3,8.0,4.0,0.0,-4.0,504.0,LOSS (Stp 2)
2024-12-10,3,17,4,16.0,16.0,0.0,-16.0,488.0,LOSS (Stp 3)
2024-12-10,4,18,5,32.0,48.0,0.0,-48.0,440.0,LOSS (Stp 4)
2024-12-11,2,20,6,64.0,32.0,0.0,-32.0,408.0,LOSS (Stp 5)
2024-12-11,3,21,0,2.0,128.0,0.0,-128.0,280.0,LOSS (Stp 6) [STOP LOSS]
2024-12-11,4,22,2,4.0,6.0,0.0,-6.0,274.0,LOSS (Stp 1)
2024-12-12,2,24,3,8.0,4.0,0.0,-4.0,270.0,LOSS (Stp 2)
2024-12-12,3,25,4,16.0,16.0,0.0,-16.0,254.0,LOSS (Stp 3)
2024-12-13,2,27,5,32.0,16.0,0.0,-16.0,238.0,LOSS (Stp 4)
2024-12-13,3,0,0,2.0,64.0,288.0,224.0,462.0,WIN on 0 (Stp 5)
2024-12-16,4,5,2,4.0,6.0,0.0,-6.0,456.0,LOSS (Stp 1)
2024-12-17,2,7,3,8.0,4.0,0.0,-4.0,452.0,LOSS (Stp 2)
2024-12-17,3,8,4,16.0,16.0,0.0,-16.0,436.0,LOSS (Stp 3)
2024-12-17,4,9,5,32.0,48.0,0.0,-48.0,388.0,LOSS (Stp 4)
2024-12-18,2,11,6,64.0,32.0,0.0,-32.0,356.0,LOSS (Stp 5)
2024-12-18,3,12,0,2.0,128.0,0.0,-128.0,228.0,LOSS (Stp 6) [STOP LOSS]
2024-12-18,4,0,0,2.0,6.0,18.0,12.0,240.0,WIN on 7 (Stp 1)
2024-12-20,2,5,2,4.0,2.0,0.0,-2.0,238.0,LOSS (Stp 1)
2024-12-20,3,6,3,8.0,8.0,0.0,-8.0,230.0,LOSS (Stp 2)
2024-12-21,2,0,0,2.0,8.0,72.0,64.0,294.0,WIN on 6 (Stp 3)
2024-12-23,2,0,0,2.0,2.0,18.0,16.0,310.0,WIN on 6 (Stp 1)
2024-12-26,2,5,2,4.0,2.0,0.0,-2.0,308.0,LOSS (Stp 1)
2024-12-26,3,6,3,8.0,8.0,0.0,-8.0,300.0,LOSS (Stp 2)
2024-12-27,2,8,4,16.0,8.0,0.0,-8.0,292.0,LOSS (Stp 3)
2024-12-27,3,9,5,32.0,32.0,0.0,-32.0,260.0,LOSS (Stp 4)
2024-12-28,2,11,6,64.0,32.0,0.0,-32.0,228.0,LOSS (Stp 5)
2024-12-28,3,12,0,2.0,128.0,0.0,-128.0,100.0,LOSS (Stp 6) [STOP LOSS]
2024-12-29,2,14,2,4.0,2.0,0.0,-2.0,98.0,LOSS (Stp 1)
2024-12-29,3,0,0,2.0,8.0,36.0,28.0,126.0,WIN on 1 (Stp 2)
2025-01-01,2,6,2,4.0,2.0,0.0,-2.0,124.0,LOSS (Stp 1)
2025-01-01,3,0,0,2.0,8.0,36.0,28.0,152.0,WIN on 0 (Stp 2)
2025-01-04,2,5,2,4.0,2.0,0.0,-2.0,150.0,LOSS (Stp 1)
2025-01-04,3,6,3,8.0,8.0,0.0,-8.0,142.0,LOSS (Stp 2)
2025-01-05,2,0,0,2.0,8.0,72.0,64.0,206.0,WIN on 1 (Stp 3)
2025-01-06,4,5,2,4.0,6.0,0.0,-6.0,200.0,LOSS (Stp 1)
2025-01-07,2,7,3,8.0,4.0,0.0,-4.0,196.0,LOSS (Stp 2)
2025-01-07,3,0,0,2.0,16.0,72.0,56.0,252.0,WIN on 5 (Stp 3)
2025-01-09,4,0,0,2.0,6.0,18.0,12.0,264.0,WIN on 8 (Stp 1)
2025-01-11,2,5,2,4.0,2.0,0.0,-2.0,262.0,LOSS (Stp 1)
2025-01-11,3,6,3,8.0,8.0,0.0,-8.0,254.0,LOSS (Stp 2)
2025-01-12,2,8,4,16.0,8.0,0.0,-8.0,246.0,LOSS (Stp 3)
2025-01-12,3,9,5,32.0,32.0,0.0,-32.0,214.0,LOSS (Stp 4)
2025-01-13,2,11,6,64.0,32.0,0.0,-32.0,182.0,LOSS (Stp 5)
2025-01-13,3,12,0,2.0,128.0,0.0,-128.0,54.0,LOSS (Stp 6) [STOP LOSS]
2025-01-13,4,0,0,2.0,6.0,18.0,12.0,66.0,WIN on 6 (Stp 1)
2025-01-15,2,6,2,4.0,2.0,0.0,-2.0,64.0,LOSS (Stp 1)
2025-01-15,3,7,3,8.0,8.0,0.0,-8.0,56.0,LOSS (Stp 2)
2025-01-15,4,0,0,2.0,24.0,72.0,48.0,104.0,WIN on 8 (Stp 3)
2025-01-17,2,6,2,4.0,2.0,0.0,-2.0,102.0,LOSS (Stp 1)
2025-01-17,3,0,0,2.0,8.0,36.0,28.0,130.0,WIN on 8 (Stp 2)
2025-01-20,2,5,2,4.0,2.0,0.0,-2.0,128.0,LOSS (Stp 1)
2025-01-20,3,6,3,8.0,8.0,0.0,-8.0,120.0,LOSS (Stp 2)
2025-01-20,4,7,4,16.0,24.0,0.0,-24.0,96.0,LOSS (Stp 3)
2025-01-21,2,9,5,32.0,16.0,0.0,-16.0,80.0,LOSS (Stp 4)
2025-01-21,3,10,6,64.0,64.0,0.0,-64.0,16.0,LOSS (Stp 5)
2025-01-21,4,11,0,2.0,192.0,0.0,-192.0,-176.0,LOSS (Stp 6) [STOP LOSS]
2025-01-22,2,13,2,4.0,2.0,0.0,-2.0,-178.0,LOSS (Stp 1)
2025-01-22,3,14,3,8.0,8.0,0.0,-8.0,-186.0,LOSS (Stp 2)
2025-01-22,4,0,0,2.0,24.0,72.0,48.0,-138.0,WIN on 7 (Stp 3)
2025-01-24,2,6,2,4.0,2.0,0.0,-2.0,-140.0,LOSS (Stp 1)
2025-01-24,3,7,3,8.0,8.0,0.0,-8.0,-148.0,LOSS (Stp 2)
2025-01-24,4,8,4,16.0,24.0,0.0,-24.0,-172.0,LOSS (Stp 3)
2025-01-25,2,10,5,32.0,16.0,0.0,-16.0,-188.0,LOSS (Stp 4)
2025-01-25,3,11,6,64.0,64.0,0.0,-64.0,-252.0,LOSS (Stp 5)
2025-01-25,4,12,0,2.0,192.0,0.0,-192.0,-444.0,LOSS (Stp 6) [STOP LOSS]
2025-01-26,2,14,2,4.0,2.0,0.0,-2.0,-446.0,LOSS (Stp 1)
2025-01-26,3,15,3,8.0,8.0,0.0,-8.0,-454.0,LOSS (Stp 2)
2025-01-27,2,0,0,2.0,8.0,72.0,64.0,-390.0,WIN on 3 (Stp 3)
2025-01-28,3,5,2,4.0,4.0,0.0,-4.0,-394.0,LOSS (Stp 1)
2025-01-28,4,6,3,8.0,12.0,0.0,-12.0,-406.0,LOSS (Stp 2)
2025-01-29,2,8,4,16.0,8.0,0.0,-8.0,-414.0,LOSS (Stp 3)
2025-01-29,3,9,5,32.0,32.0,0.0,-32.0,-446.0,LOSS (Stp 4)
2025-01-29,4,0,0,2.0,96.0,288.0,192.0,-254.0,WIN on 5 (Stp 5)
2025-01-31,2,6,2,4.0,2.0,0.0,-2.0,-256.0,LOSS (Stp 1)
2025-01-31,3,0,0,2.0,8.0,36.0,28.0,-228.0,WIN on 8 (Stp 2)
2025-02-03,2,6,2,4.0,2.0,0.0,-2.0,-230.0,LOSS (Stp 1)
2025-02-03,3,7,3,8.0,8.0,0.0,-8.0,-238.0,LOSS (Stp 2)
2025-02-03,4,8,4,16.0,24.0,0.0,-24.0,-262.0,LOSS (Stp 3)
2025-02-05,2,10,5,32.0,16.0,0.0,-16.0,-278.0,LOSS (Stp 4)
2025-02-05,3,11,6,64.0,64.0,0.0,-64.0,-342.0,LOSS (Stp 5)
2025-02-05,4,0,0,2.0,192.0,576.0,384.0,42.0,WIN on 4 (Stp 6)
2025-02-07,2,6,2,4.0,2.0,0.0,-2.0,40.0,LOSS (Stp 1)
2025-02-07,3,7,3,8.0,8.0,0.0,-8.0,32.0,LOSS (Stp 2)
2025-02-08,2,9,4,16.0,8.0,0.0,-8.0,24.0,LOSS (Stp 3)
2025-02-08,3,0,0,2.0,32.0,144.0,112.0,136.0,WIN on 8 (Stp 4)
2025-02-10,2,5,2,4.0,2.0,0.0,-2.0,134.0,LOSS (Stp 1)
2025-02-10,3,6,3,8.0,8.0,0.0,-8.0,126.0,LOSS (Stp 2)
2025-02-10,4,7,4,16.0,24.0,0.0,-24.0,102.0,LOSS (Stp 3)
2025-02-11,2,9,5,32.0,16.0,0.0,-16.0,86.0,LOSS (Stp 4)
2025-02-11,3,0,0,2.0,64.0,288.0,224.0,310.0,WIN on 2 (Stp 5)
2025-02-13,2,6,2,4.0,2.0,0.0,-2.0,308.0,LOSS (Stp 1)
2025-02-13,3,7,3,8.0,8.0,0.0,-8.0,300.0,LOSS (Stp 2)
2025-02-13,4,8,4,16.0,24.0,0.0,-24.0,276.0,LOSS (Stp 3)
2025-02-14,2,10,5,32.0,16.0,0.0,-16.0,260.0,LOSS (Stp 4)
2025-02-14,3,0,0,2.0,64.0,288.0,224.0,484.0,WIN on 2 (Stp 5)
2025-02-16,2,6,2,4.0,2.0,0.0,-2.0,482.0,LOSS (Stp 1)
2025-02-16,3,7,3,8.0,8.0,0.0,-8.0,474.0,LOSS (Stp 2)
2025-02-17,2,9,4,16.0,8.0,0.0,-8.0,466.0,LOSS (Stp 3)
2025-02-17,3,10,5,32.0,32.0,0.0,-32.0,434.0,LOSS (Stp 4)
2025-02-17,4,11,6,64.0,96.0,0.0,-96.0,338.0,LOSS (Stp 5)
2025-02-18,2,13,0,2.0,64.0,0.0,-64.0,274.0,LOSS (Stp 6) [STOP LOSS]
2025-02-18,3,0,0,2.0,4.0,18.0,14.0,288.0,WIN on 3 (Stp 1)
2025-02-19,4,5,2,4.0,6.0,0.0,-6.0,282.0,LOSS (Stp 1)
2025-02-20,2,0,0,2.0,4.0,36.0,32.0,314.0,WIN on 6 (Stp 2)
2025-02-21,3,0,0,2.0,4.0,18.0,14.0,328.0,WIN on 5 (Stp 1)
2025-02-24,2,0,0,2.0,2.0,18.0,16.0,344.0,WIN on 7 (Stp 1)
2025-02-25,3,5,2,4.0,4.0,0.0,-4.0,340.0,LOSS (Stp 1)
2025-02-25,4,6,3,8.0,12.0,0.0,-12.0,328.0,LOSS (Stp 2)
2025-02-26,2,8,4,16.0,8.0,0.0,-8.0,320.0,LOSS (Stp 3)
2025-02-26,3,9,5,32.0,32.0,0.0,-32.0,288.0,LOSS (Stp 4)
2025-02-26,4,10,6,64.0,96.0,0.0,-96.0,192.0,LOSS (Stp 5)
2025-02-27,2,12,0,2.0,64.0,0.0,-64.0,128.0,LOSS (Stp 6) [STOP LOSS]
2025-02-27,3,0,0,2.0,4.0,18.0,14.0,142.0,WIN on 3 (Stp 1)
2025-03-01,2,6,2,4.0,2.0,0.0,-2.0,140.0,LOSS (Stp 1)
2025-03-01,3,7,3,8.0,8.0,0.0,-8.0,132.0,LOSS (Stp 2)
2025-03-02,2,9,4,16.0,8.0,0.0,-8.0,124.0,LOSS (Stp 3)
2025-03-02,3,10,5,32.0,32.0,0.0,-32.0,92.0,LOSS (Stp 4)
2025-03-03,2,12,6,64.0,32.0,0.0,-32.0,60.0,LOSS (Stp 5)
2025-03-03,3,13,0,2.0,128.0,0.0,-128.0,-68.0,LOSS (Stp 6) [STOP LOSS]
2025-03-03,4,0,0,2.0,6.0,18.0,12.0,-56.0,WIN on 1 (Stp 1)
2025-03-07,2,6,2,4.0,2.0,0.0,-2.0,-58.0,LOSS (Stp 1)
2025-03-07,3,7,3,8.0,8.0,0.0,-8.0,-66.0,LOSS (Stp 2)
2025-03-07,4,8,4,16.0,24.0,0.0,-24.0,-90.0,LOSS (Stp 3)
2025-03-08,2,0,0,2.0,16.0,144.0,128.0,38.0,WIN on 2 (Stp 4)
2025-03-10,4,5,2,4.0,6.0,0.0,-6.0,32.0,LOSS (Stp 1)
2025-03-11,2,7,3,8.0,4.0,0.0,-4.0,28.0,LOSS (Stp 2)
2025-03-11,3,8,4,16.0,16.0,0.0,-16.0,12.0,LOSS (Stp 3)
2025-03-11,4,0,0,2.0,48.0,144.0,96.0,108.0,WIN on 9 (Stp 4)
2025-03-13,2,5,2,4.0,2.0,0.0,-2.0,106.0,LOSS (Stp 1)
2025-03-13,3,6,3,8.0,8.0,0.0,-8.0,98.0,LOSS (Stp 2)
2025-03-14,2,8,4,16.0,8.0,0.0,-8.0,90.0,LOSS (Stp 3)
2025-03-14,3,9,5,32.0,32.0,0.0,-32.0,58.0,LOSS (Stp 4)
2025-03-15,2,11,6,64.0,32.0,0.0,-32.0,26.0,LOSS (Stp 5)
2025-03-15,3,12,0,2.0,128.0,0.0,-128.0,-102.0,LOSS (Stp 6) [STOP LOSS]
2025-03-15,4,13,2,4.0,6.0,0.0,-6.0,-108.0,LOSS (Stp 1)
2025-03-16,2,15,3,8.0,4.0,0.0,-4.0,-112.0,LOSS (Stp 2)
2025-03-16,3,16,4,16.0,16.0,0.0,-16.0,-128.0,LOSS (Stp 3)
2025-03-17,2,18,5,32.0,16.0,0.0,-16.0,-144.0,LOSS (Stp 4)
2025-03-17,3,19,6,64.0,64.0,0.0,-64.0,-208.0,LOSS (Stp 5)
2025-03-17,4,20,0,2.0,192.0,0.0,-192.0,-400.0,LOSS (Stp 6) [STOP LOSS]
2025-03-18,2,22,2,4.0,2.0,0.0,-2.0,-402.0,LOSS (Stp 1)
2025-03-18,3,23,3,8.0,8.0,0.0,-8.0,-410.0,LOSS (Stp 2)
2025-03-18,4,24,4,16.0,24.0,0.0,-24.0,-434.0,LOSS (Stp 3)
2025-03-19,2,26,5,32.0,16.0,0.0,-16.0,-450.0,LOSS (Stp 4)
2025-03-19,3,0,0,2.0,64.0,288.0,224.0,-226.0,WIN on 1 (Stp 5)
2025-03-22,2,5,2,4.0,2.0,0.0,-2.0,-228.0,LOSS (Stp 1)
2025-03-22,3,6,3,8.0,8.0,0.0,-8.0,-236.0,LOSS (Stp 2)
2025-03-22,4,7,4,16.0,24.0,0.0,-24.0,-260.0,LOSS (Stp 3)
2025-03-23,2,9,5,32.0,16.0,0.0,-16.0,-276.0,LOSS (Stp 4)
2025-03-23,3,10,6,64.0,64.0,0.0,-64.0,-340.0,LOSS (Stp 5)
2025-03-24,2,12,0,2.0,64.0,0.0,-64.0,-404.0,LOSS (Stp 6) [STOP LOSS]
2025-03-24,3,13,2,4.0,4.0,0.0,-4.0,-408.0,LOSS (Stp 1)
2025-03-24,4,14,3,8.0,12.0,0.0,-12.0,-420.0,LOSS (Stp 2)
2025-03-25,2,16,4,16.0,8.0,0.0,-8.0,-428.0,LOSS (Stp 3)
2025-03-25,3,17,5,32.0,32.0,0.0,-32.0,-460.0,LOSS (Stp 4)
2025-03-25,4,18,6,64.0,96.0,0.0,-96.0,-556.0,LOSS (Stp 5)
2025-03-26,2,20,0,2.0,64.0,0.0,-64.0,-620.0,LOSS (Stp 6) [STOP LOSS]
2025-03-26,3,21,2,4.0,4.0,0.0,-4.0,-624.0,LOSS (Stp 1)
2025-03-27,2,23,3,8.0,4.0,0.0,-4.0,-628.0,LOSS (Stp 2)
2025-03-27,3,24,4,16.0,16.0,0.0,-16.0,-644.0,LOSS (Stp 3)
2025-03-28,2,26,5,32.0,16.0,0.0,-16.0,-660.0,LOSS (Stp 4)
2025-03-28,3,27,6,64.0,64.0,0.0,-64.0,-724.0,LOSS (Stp 5)
2025-03-29,2,29,0,2.0,64.0,0.0,-64.0,-788.0,LOSS (Stp 6) [STOP LOSS]
2025-03-29,3,30,2,4.0,4.0,0.0,-4.0,-792.0,LOSS (Stp 1)
2025-03-29,4,31,3,8.0,12.0,0.0,-12.0,-804.0,LOSS (Stp 2)
2025-03-30,2,33,4,16.0,8.0,0.0,-8.0,-812.0,LOSS (Stp 3)
2025-03-30,3,34,5,32.0,32.0,0.0,-32.0,-844.0,LOSS (Stp 4)
2025-03-31,2,36,6,64.0,32.0,0.0,-32.0,-876.0,LOSS (Stp 5)
2025-03-31,3,37,0,2.0,128.0,0.0,-128.0,-1004.0,LOSS (Stp 6) [STOP LOSS]
2025-04-02,2,39,2,4.0,2.0,0.0,-2.0,-1006.0,LOSS (Stp 1)
2025-04-02,3,40,3,8.0,8.0,0.0,-8.0,-1014.0,LOSS (Stp 2)
2025-04-03,2,42,4,16.0,8.0,0.0,-8.0,-1022.0,LOSS (Stp 3)
2025-04-03,3,43,5,32.0,32.0,0.0,-32.0,-1054.0,LOSS (Stp 4)
2025-04-04,2,45,6,64.0,32.0,0.0,-32.0,-1086.0,LOSS (Stp 5)
2025-04-04,3,46,0,2.0,128.0,0.0,-128.0,-1214.0,LOSS (Stp 6) [STOP LOSS]
2025-04-05,2,48,2,4.0,2.0,0.0,-2.0,-1216.0,LOSS (Stp 1)
2025-04-05,3,49,3,8.0,8.0,0.0,-8.0,-1224.0,LOSS (Stp 2)
2025-04-05,4,50,4,16.0,24.0,0.0,-24.0,-1248.0,LOSS (Stp 3)
2025-04-06,2,52,5,32.0,16.0,0.0,-16.0,-1264.0,LOSS (Stp 4)
2025-04-06,3,0,0,2.0,64.0,288.0,224.0,-1040.0,WIN on 5 (Stp 5)
2025-04-08,2,6,2,4.0,2.0,0.0,-2.0,-1042.0,LOSS (Stp 1)
2025-04-08,3,7,3,8.0,8.0,0.0,-8.0,-1050.0,LOSS (Stp 2)
2025-04-09,2,9,4,16.0,8.0,0.0,-8.0,-1058.0,LOSS (Stp 3)
2025-04-09,3,10,5,32.0,32.0,0.0,-32.0,-1090.0,LOSS (Stp 4)
2025-04-10,2,12,6,64.0,32.0,0.0,-32.0,-1122.0,LOSS (Stp 5)
2025-04-10,3,0,0,2.0,128.0,576.0,448.0,-674.0,WIN on 6 (Stp 6)
2025-04-12,2,5,2,4.0,2.0,0.0,-2.0,-676.0,LOSS (Stp 1)
2025-04-12,3,6,3,8.0,8.0,0.0,-8.0,-684.0,LOSS (Stp 2)
2025-04-12,4,7,4,16.0,24.0,0.0,-24.0,-708.0,LOSS (Stp 3)
2025-04-13,2,0,0,2.0,16.0,144.0,128.0,-580.0,WIN on 6 (Stp 4)
2025-04-15,2,6,2,4.0,2.0,0.0,-2.0,-582.0,LOSS (Stp 1)
2025-04-15,3,7,3,8.0,8.0,0.0,-8.0,-590.0,LOSS (Stp 2)
2025-04-16,2,9,4,16.0,8.0,0.0,-8.0,-598.0,LOSS (Stp 3)
2025-04-16,3,10,5,32.0,32.0,0.0,-32.0,-630.0,LOSS (Stp 4)
2025-04-17,2,12,6,64.0,32.0,0.0,-32.0,-662.0,LOSS (Stp 5)
2025-04-17,3,0,0,2.0,128.0,576.0,448.0,-214.0,WIN on 6 (Stp 6)
2025-04-20,2,6,2,4.0,2.0,0.0,-2.0,-216.0,LOSS (Stp 1)
2025-04-20,3,7,3,8.0,8.0,0.0,-8.0,-224.0,LOSS (Stp 2)
2025-04-20,4,8,4,16.0,24.0,0.0,-24.0,-248.0,LOSS (Stp 3)
2025-04-21,2,10,5,32.0,16.0,0.0,-16.0,-264.0,LOSS (Stp 4)
2025-04-21,3,11,6,64.0,64.0,0.0,-64.0,-328.0,LOSS (Stp 5)
2025-04-22,2,13,0,2.0,64.0,0.0,-64.0,-392.0,LOSS (Stp 6) [STOP LOSS]
2025-04-22,3,14,2,4.0,4.0,0.0,-4.0,-396.0,LOSS (Stp 1)
2025-04-23,2,16,3,8.0,4.0,0.0,-4.0,-400.0,LOSS (Stp 2)
2025-04-23,3,17,4,16.0,16.0,0.0,-16.0,-416.0,LOSS (Stp 3)
2025-04-24,2,19,5,32.0,16.0,0.0,-16.0,-432.0,LOSS (Stp 4)
2025-04-24,3,0,0,2.0,64.0,288.0,224.0,-208.0,WIN on 8 (Stp 5)
2025-04-26,4,5,2,4.0,6.0,0.0,-6.0,-214.0,LOSS (Stp 1)
2025-04-27,2,0,0,2.0,4.0,36.0,32.0,-182.0,WIN on 1 (Stp 2)
2025-04-30,2,5,2,4.0,2.0,0.0,-2.0,-184.0,LOSS (Stp 1)
2025-04-30,3,6,3,8.0,8.0,0.0,-8.0,-192.0,LOSS (Stp 2)
2025-04-30,4,0,0,2.0,24.0,72.0,48.0,-144.0,WIN on 0 (Stp 3)
2025-05-02,2,5,2,4.0,2.0,0.0,-2.0,-146.0,LOSS (Stp 1)
2025-05-02,3,6,3,8.0,8.0,0.0,-8.0,-154.0,LOSS (Stp 2)
2025-05-03,2,0,0,2.0,8.0,72.0,64.0,-90.0,WIN on 4 (Stp 3)
2025-05-04,4,0,0,2.0,6.0,18.0,12.0,-78.0,WIN on 9 (Stp 1)
2025-05-06,2,5,2,4.0,2.0,0.0,-2.0,-80.0,LOSS (Stp 1)
2025-05-06,3,6,3,8.0,8.0,0.0,-8.0,-88.0,LOSS (Stp 2)
2025-05-07,2,8,4,16.0,8.0,0.0,-8.0,-96.0,LOSS (Stp 3)
2025-05-07,3,9,5,32.0,32.0,0.0,-32.0,-128.0,LOSS (Stp 4)
2025-05-08,2,11,6,64.0,32.0,0.0,-32.0,-160.0,LOSS (Stp 5)
2025-05-08,3,12,0,2.0,128.0,0.0,-128.0,-288.0,LOSS (Stp 6) [STOP LOSS]
2025-05-09,2,14,2,4.0,2.0,0.0,-2.0,-290.0,LOSS (Stp 1)
2025-05-09,3,0,0,2.0,8.0,36.0,28.0,-262.0,WIN on 6 (Stp 2)
2025-05-12,2,6,2,4.0,2.0,0.0,-2.0,-264.0,LOSS (Stp 1)
2025-05-12,3,7,3,8.0,8.0,0.0,-8.0,-272.0,LOSS (Stp 2)
2025-05-13,2,9,4,16.0,8.0,0.0,-8.0,-280.0,LOSS (Stp 3)
2025-05-13,3,10,5,32.0,32.0,0.0,-32.0,-312.0,LOSS (Stp 4)
2025-05-14,2,12,6,64.0,32.0,0.0,-32.0,-344.0,LOSS (Stp 5)
2025-05-14,3,0,0,2.0,128.0,576.0,448.0,104.0,WIN on 4 (Stp 6)
2025-05-16,2,6,2,4.0,2.0,0.0,-2.0,102.0,LOSS (Stp 1)
2025-05-16,3,0,0,2.0,8.0,36.0,28.0,130.0,WIN on 3 (Stp 2)
2025-05-18,2,0,0,2.0,2.0,18.0,16.0,146.0,WIN on 4 (Stp 1)
2025-05-22,2,6,2,4.0,2.0,0.0,-2.0,144.0,LOSS (Stp 1)
2025-05-22,3,7,3,8.0,8.0,0.0,-8.0,136.0,LOSS (Stp 2)
2025-05-23,2,9,4,16.0,8.0,0.0,-8.0,128.0,LOSS (Stp 3)
2025-05-23,3,10,5,32.0,32.0,0.0,-32.0,96.0,LOSS (Stp 4)
2025-05-24,2,12,6,64.0,32.0,0.0,-32.0,64.0,LOSS (Stp 5)
2025-05-24,3,13,0,2.0,128.0,0.0,-128.0,-64.0,LOSS (Stp 6) [STOP LOSS]
2025-05-24,4,0,0,2.0,6.0,18.0,12.0,-52.0,WIN on 2 (Stp 1)
2025-05-26,2,5,2,4.0,2.0,0.0,-2.0,-54.0,LOSS (Stp 1)
2025-05-26,3,6,3,8.0,8.0,0.0,-8.0,-62.0,LOSS (Stp 2)
2025-05-28,2,8,4,16.0,8.0,0.0,-8.0,-70.0,LOSS (Stp 3)
2025-05-28,3,9,5,32.0,32.0,0.0,-32.0,-102.0,LOSS (Stp 4)
2025-05-29,2,11,6,64.0,32.0,0.0,-32.0,-134.0,LOSS (Stp 5)
2025-05-29,3,12,0,2.0,128.0,0.0,-128.0,-262.0,LOSS (Stp 6) [STOP LOSS]
2025-05-30,2,14,2,4.0,2.0,0.0,-2.0,-264.0,LOSS (Stp 1)
2025-05-30,3,0,0,2.0,8.0,36.0,28.0,-236.0,WIN on 3 (Stp 2)
2025-06-01,2,6,2,4.0,2.0,0.0,-2.0,-238.0,LOSS (Stp 1)
2025-06-01,3,7,3,8.0,8.0,0.0,-8.0,-246.0,LOSS (Stp 2)
2025-06-02,2,0,0,2.0,8.0,72.0,64.0,-182.0,WIN on 8 (Stp 3)
2025-06-03,4,5,2,4.0,6.0,0.0,-6.0,-188.0,LOSS (Stp 1)
2025-06-04,2,7,3,8.0,4.0,0.0,-4.0,-192.0,LOSS (Stp 2)
2025-06-04,3,0,0,2.0,16.0,72.0,56.0,-136.0,WIN on 9 (Stp 3)
2025-06-06,2,5,2,4.0,2.0,0.0,-2.0,-138.0,LOSS (Stp 1)
2025-06-06,3,0,0,2.0,8.0,36.0,28.0,-110.0,WIN on 7 (Stp 2)
2025-06-08,2,6,2,4.0,2.0,0.0,-2.0,-112.0,LOSS (Stp 1)
2025-06-08,3,7,3,8.0,8.0,0.0,-8.0,-120.0,LOSS (Stp 2)
2025-06-09,2,9,4,16.0,8.0,0.0,-8.0,-128.0,LOSS (Stp 3)
2025-06-09,3,0,0,2.0,32.0,144.0,112.0,-16.0,WIN on 1 (Stp 4)
2025-06-11,2,6,2,4.0,2.0,0.0,-2.0,-18.0,LOSS (Stp 1)
2025-06-11,3,0,0,2.0,8.0,36.0,28.0,10.0,WIN on 6 (Stp 2)
2025-06-12,4,0,0,2.0,6.0,18.0,12.0,22.0,WIN on 2 (Stp 1)
2025-06-14,2,5,2,4.0,2.0,0.0,-2.0,20.0,LOSS (Stp 1)
2025-06-14,3,6,3,8.0,8.0,0.0,-8.0,12.0,LOSS (Stp 2)
2025-06-15,2,8,4,16.0,8.0,0.0,-8.0,4.0,LOSS (Stp 3)
2025-06-15,3,9,5,32.0,32.0,0.0,-32.0,-28.0,LOSS (Stp 4)
2025-06-16,2,11,6,64.0,32.0,0.0,-32.0,-60.0,LOSS (Stp 5)
2025-06-16,3,12,0,2.0,128.0,0.0,-128.0,-188.0,LOSS (Stp 6) [STOP LOSS]
2025-06-16,4,13,2,4.0,6.0,0.0,-6.0,-194.0,LOSS (Stp 1)
2025-06-17,2,15,3,8.0,4.0,0.0,-4.0,-198.0,LOSS (Stp 2)
2025-06-17,3,16,4,16.0,16.0,0.0,-16.0,-214.0,LOSS (Stp 3)
2025-06-17,4,0,0,2.0,48.0,144.0,96.0,-118.0,WIN on 4 (Stp 4)
2025-06-19,2,5,2,4.0,2.0,0.0,-2.0,-120.0,LOSS (Stp 1)
2025-06-19,3,6,3,8.0,8.0,0.0,-8.0,-128.0,LOSS (Stp 2)
2025-06-19,4,0,0,2.0,24.0,72.0,48.0,-80.0,WIN on 5 (Stp 3)
2025-06-21,2,5,2,4.0,2.0,0.0,-2.0,-82.0,LOSS (Stp 1)
2025-06-21,3,6,3,8.0,8.0,0.0,-8.0,-90.0,LOSS (Stp 2)
2025-06-21,4,0,0,2.0,24.0,72.0,48.0,-42.0,WIN on 6 (Stp 3)
2025-06-25,4,0,0,2.0,6.0,18.0,12.0,-30.0,WIN on 0 (Stp 1)
2025-06-27,2,6,2,4.0,2.0,0.0,-2.0,-32.0,LOSS (Stp 1)
2025-06-27,3,0,0,2.0,8.0,36.0,28.0,-4.0,WIN on 7 (Stp 2)
2025-06-30,2,5,2,4.0,2.0,0.0,-2.0,-6.0,LOSS (Stp 1)
2025-06-30,3,6,3,8.0,8.0,0.0,-8.0,-14.0,LOSS (Stp 2)
2025-07-01,2,8,4,16.0,8.0,0.0,-8.0,-22.0,LOSS (Stp 3)
2025-07-01,3,9,5,32.0,32.0,0.0,-32.0,-54.0,LOSS (Stp 4)
2025-07-01,4,10,6,64.0,96.0,0.0,-96.0,-150.0,LOSS (Stp 5)
2025-07-02,2,0,0,2.0,64.0,576.0,512.0,362.0,WIN on 3 (Stp 6)
2025-07-06,2,6,2,4.0,2.0,0.0,-2.0,360.0,LOSS (Stp 1)
2025-07-06,3,7,3,8.0,8.0,0.0,-8.0,352.0,LOSS (Stp 2)
2025-07-06,4,0,0,2.0,24.0,72.0,48.0,400.0,WIN on 0 (Stp 3)
2025-07-08,2,5,2,4.0,2.0,0.0,-2.0,398.0,LOSS (Stp 1)
2025-07-08,3,6,3,8.0,8.0,0.0,-8.0,390.0,LOSS (Stp 2)
2025-07-09,2,8,4,16.0,8.0,0.0,-8.0,382.0,LOSS (Stp 3)
2025-07-09,3,0,0,2.0,32.0,144.0,112.0,494.0,WIN on 2 (Stp 4)
2025-07-11,2,6,2,4.0,2.0,0.0,-2.0,492.0,LOSS (Stp 1)
2025-07-11,3,7,3,8.0,8.0,0.0,-8.0,484.0,LOSS (Stp 2)
2025-07-11,4,8,4,16.0,24.0,0.0,-24.0,460.0,LOSS (Stp 3)
2025-07-12,2,10,5,32.0,16.0,0.0,-16.0,444.0,LOSS (Stp 4)
2025-07-12,3,11,6,64.0,64.0,0.0,-64.0,380.0,LOSS (Stp 5)
2025-07-12,4,12,0,2.0,192.0,0.0,-192.0,188.0,LOSS (Stp 6) [STOP LOSS]
2025-07-13,2,14,2,4.0,2.0,0.0,-2.0,186.0,LOSS (Stp 1)
2025-07-13,3,15,3,8.0,8.0,0.0,-8.0,178.0,LOSS (Stp 2)
2025-07-13,4,0,0,2.0,24.0,72.0,48.0,226.0,WIN on 5 (Stp 3)
2025-07-17,2,5,2,4.0,2.0,0.0,-2.0,224.0,LOSS (Stp 1)
2025-07-17,3,6,3,8.0,8.0,0.0,-8.0,216.0,LOSS (Stp 2)
2025-07-17,4,0,0,2.0,24.0,72.0,48.0,264.0,WIN on 0 (Stp 3)
2025-07-19,2,6,2,4.0,2.0,0.0,-2.0,262.0,LOSS (Stp 1)
2025-07-19,3,7,3,8.0,8.0,0.0,-8.0,254.0,LOSS (Stp 2)
2025-07-19,4,8,4,16.0,24.0,0.0,-24.0,230.0,LOSS (Stp 3)
2025-07-20,2,10,5,32.0,16.0,0.0,-16.0,214.0,LOSS (Stp 4)
2025-07-20,3,11,6,64.0,64.0,0.0,-64.0,150.0,LOSS (Stp 5)
2025-07-20,4,12,0,2.0,192.0,0.0,-192.0,-42.0,LOSS (Stp 6) [STOP LOSS]
2025-07-21,2,14,2,4.0,2.0,0.0,-2.0,-44.0,LOSS (Stp 1)
2025-07-21,3,15,3,8.0,8.0,0.0,-8.0,-52.0,LOSS (Stp 2)
2025-07-22,2,17,4,16.0,8.0,0.0,-8.0,-60.0,LOSS (Stp 3)
2025-07-22,3,18,5,32.0,32.0,0.0,-32.0,-92.0,LOSS (Stp 4)
2025-07-23,2,20,6,64.0,32.0,0.0,-32.0,-124.0,LOSS (Stp 5)
2025-07-23,3,21,0,2.0,128.0,0.0,-128.0,-252.0,LOSS (Stp 6) [STOP LOSS]
2025-07-24,2,23,2,4.0,2.0,0.0,-2.0,-254.0,LOSS (Stp 1)
2025-07-24,3,0,0,2.0,8.0,36.0,28.0,-226.0,WIN on 0 (Stp 2)
2025-07-27,2,6,2,4.0,2.0,0.0,-2.0,-228.0,LOSS (Stp 1)
2025-07-27,3,7,3,8.0,8.0,0.0,-8.0,-236.0,LOSS (Stp 2)
2025-07-27,4,8,4,16.0,24.0,0.0,-24.0,-260.0,LOSS (Stp 3)
2025-07-28,2,10,5,32.0,16.0,0.0,-16.0,-276.0,LOSS (Stp 4)
2025-07-28,3,0,0,2.0,64.0,288.0,224.0,-52.0,WIN on 3 (Stp 5)
2025-07-29,4,5,2,4.0,6.0,0.0,-6.0,-58.0,LOSS (Stp 1)
2025-07-30,2,7,3,8.0,4.0,0.0,-4.0,-62.0,LOSS (Stp 2)
2025-07-30,3,8,4,16.0,16.0,0.0,-16.0,-78.0,LOSS (Stp 3)
2025-07-31,2,10,5,32.0,16.0,0.0,-16.0,-94.0,LOSS (Stp 4)
2025-07-31,3,11,6,64.0,64.0,0.0,-64.0,-158.0,LOSS (Stp 5)
2025-07-31,4,0,0,2.0,192.0,576.0,384.0,226.0,WIN on 4 (Stp 6)
2025-08-02,4,5,2,4.0,6.0,0.0,-6.0,220.0,LOSS (Stp 1)
2025-08-03,2,7,3,8.0,4.0,0.0,-4.0,216.0,LOSS (Stp 2)
2025-08-03,3,8,4,16.0,16.0,0.0,-16.0,200.0,LOSS (Stp 3)
2025-08-03,4,0,0,2.0,48.0,144.0,96.0,296.0,WIN on 5 (Stp 4)
2025-08-05,2,0,0,2.0,2.0,18.0,16.0,312.0,WIN on 4 (Stp 1)
2025-08-07,2,5,2,4.0,2.0,0.0,-2.0,310.0,LOSS (Stp 1)
2025-08-07,3,6,3,8.0,8.0,0.0,-8.0,302.0,LOSS (Stp 2)
2025-08-07,4,7,4,16.0,24.0,0.0,-24.0,278.0,LOSS (Stp 3)
2025-08-08,2,9,5,32.0,16.0,0.0,-16.0,262.0,LOSS (Stp 4)
2025-08-08,3,10,6,64.0,64.0,0.0,-64.0,198.0,LOSS (Stp 5)
2025-08-08,4,11,0,2.0,192.0,0.0,-192.0,6.0,LOSS (Stp 6) [STOP LOSS]
2025-08-09,2,13,2,4.0,2.0,0.0,-2.0,4.0,LOSS (Stp 1)
2025-08-09,3,14,3,8.0,8.0,0.0,-8.0,-4.0,LOSS (Stp 2)
2025-08-09,4,15,4,16.0,24.0,0.0,-24.0,-28.0,LOSS (Stp 3)
2025-08-10,2,17,5,32.0,16.0,0.0,-16.0,-44.0,LOSS (Stp 4)
2025-08-10,3,0,0,2.0,64.0,288.0,224.0,180.0,WIN on 7 (Stp 5)
2025-08-12,2,6,2,4.0,2.0,0.0,-2.0,178.0,LOSS (Stp 1)
2025-08-12,3,7,3,8.0,8.0,0.0,-8.0,170.0,LOSS (Stp 2)
2025-08-13,2,9,4,16.0,8.0,0.0,-8.0,162.0,LOSS (Stp 3)
2025-08-13,3,0,0,2.0,32.0,144.0,112.0,274.0,WIN on 1 (Stp 4)
2025-08-16,3,5,2,4.0,4.0,0.0,-4.0,270.0,LOSS (Stp 1)
2025-08-16,4,6,3,8.0,12.0,0.0,-12.0,258.0,LOSS (Stp 2)
2025-08-17,2,8,4,16.0,8.0,0.0,-8.0,250.0,LOSS (Stp 3)
2025-08-17,3,9,5,32.0,32.0,0.0,-32.0,218.0,LOSS (Stp 4)
2025-08-17,4,0,0,2.0,96.0,288.0,192.0,410.0,WIN on 1 (Stp 5)
2025-08-19,2,5,2,4.0,2.0,0.0,-2.0,408.0,LOSS (Stp 1)
2025-08-19,3,6,3,8.0,8.0,0.0,-8.0,400.0,LOSS (Stp 2)
2025-08-20,2,8,4,16.0,8.0,0.0,-8.0,392.0,LOSS (Stp 3)
2025-08-20,3,9,5,32.0,32.0,0.0,-32.0,360.0,LOSS (Stp 4)
2025-08-21,2,11,6,64.0,32.0,0.0,-32.0,328.0,LOSS (Stp 5)
2025-08-21,3,12,0,2.0,128.0,0.0,-128.0,200.0,LOSS (Stp 6) [STOP LOSS]
2025-08-21,4,13,2,4.0,6.0,0.0,-6.0,194.0,LOSS (Stp 1)
2025-08-22,2,15,3,8.0,4.0,0.0,-4.0,190.0,LOSS (Stp 2)
2025-08-22,3,16,4,16.0,16.0,0.0,-16.0,174.0,LOSS (Stp 3)
2025-08-22,4,17,5,32.0,48.0,0.0,-48.0,126.0,LOSS (Stp 4)
2025-08-23,2,19,6,64.0,32.0,0.0,-32.0,94.0,LOSS (Stp 5)
2025-08-23,3,20,0,2.0,128.0,0.0,-128.0,-34.0,LOSS (Stp 6) [STOP LOSS]
2025-08-23,4,21,2,4.0,6.0,0.0,-6.0,-40.0,LOSS (Stp 1)
2025-08-24,2,23,3,8.0,4.0,0.0,-4.0,-44.0,LOSS (Stp 2)
2025-08-24,3,24,4,16.0,16.0,0.0,-16.0,-60.0,LOSS (Stp 3)
2025-08-24,4,0,0,2.0,48.0,144.0,96.0,36.0,WIN on 6 (Stp 4)
2025-08-27,2,6,2,4.0,2.0,0.0,-2.0,34.0,LOSS (Stp 1)
2025-08-27,3,7,3,8.0,8.0,0.0,-8.0,26.0,LOSS (Stp 2)
2025-08-28,2,9,4,16.0,8.0,0.0,-8.0,18.0,LOSS (Stp 3)
2025-08-28,3,0,0,2.0,32.0,144.0,112.0,130.0,WIN on 7 (Stp 4)
2025-08-29,4,5,2,4.0,6.0,0.0,-6.0,124.0,LOSS (Stp 1)
2025-08-30,2,7,3,8.0,4.0,0.0,-4.0,120.0,LOSS (Stp 2)
2025-08-30,3,0,0,2.0,16.0,72.0,56.0,176.0,WIN on 3 (Stp 3)
2025-08-31,4,5,2,4.0,6.0,0.0,-6.0,170.0,LOSS (Stp 1)
2025-09-01,2,7,3,8.0,4.0,0.0,-4.0,166.0,LOSS (Stp 2)
2025-09-01,3,8,4,16.0,16.0,0.0,-16.0,150.0,LOSS (Stp 3)
2025-09-02,2,10,5,32.0,16.0,0.0,-16.0,134.0,LOSS (Stp 4)
2025-09-02,3,11,6,64.0,64.0,0.0,-64.0,70.0,LOSS (Stp 5)
2025-09-03,2,13,0,2.0,64.0,0.0,-64.0,6.0,LOSS (Stp 6) [STOP LOSS]
2025-09-03,3,14,2,4.0,4.0,0.0,-4.0,2.0,LOSS (Stp 1)
2025-09-04,2,0,0,2.0,4.0,36.0,32.0,34.0,WIN on 5 (Stp 2)
2025-09-06,4,5,2,4.0,6.0,0.0,-6.0,28.0,LOSS (Stp 1)
2025-09-07,2,7,3,8.0,4.0,0.0,-4.0,24.0,LOSS (Stp 2)
2025-09-07,3,8,4,16.0,16.0,0.0,-16.0,8.0,LOSS (Stp 3)
2025-09-08,2,0,0,2.0,16.0,144.0,128.0,136.0,WIN on 9 (Stp 4)
2025-09-10,2,5,2,4.0,2.0,0.0,-2.0,134.0,LOSS (Stp 1)
2025-09-10,3,6,3,8.0,8.0,0.0,-8.0,126.0,LOSS (Stp 2)
2025-09-11,2,8,4,16.0,8.0,0.0,-8.0,118.0,LOSS (Stp 3)
2025-09-11,3,9,5,32.0,32.0,0.0,-32.0,86.0,LOSS (Stp 4)
2025-09-12,2,11,6,64.0,32.0,0.0,-32.0,54.0,LOSS (Stp 5)
2025-09-12,3,12,0,2.0,128.0,0.0,-128.0,-74.0,LOSS (Stp 6) [STOP LOSS]
2025-09-13,2,14,2,4.0,2.0,0.0,-2.0,-76.0,LOSS (Stp 1)
2025-09-13,3,0,0,2.0,8.0,36.0,28.0,-48.0,WIN on 5 (Stp 2)
2025-09-15,2,6,2,4.0,2.0,0.0,-2.0,-50.0,LOSS (Stp 1)
2025-09-15,3,7,3,8.0,8.0,0.0,-8.0,-58.0,LOSS (Stp 2)
2025-09-16,2,9,4,16.0,8.0,0.0,-8.0,-66.0,LOSS (Stp 3)
2025-09-16,3,0,0,2.0,32.0,144.0,112.0,46.0,WIN on 5 (Stp 4)
2025-09-18,2,5,2,4.0,2.0,0.0,-2.0,44.0,LOSS (Stp 1)
2025-09-18,3,6,3,8.0,8.0,0.0,-8.0,36.0,LOSS (Stp 2)
2025-09-19,2,8,4,16.0,8.0,0.0,-8.0,28.0,LOSS (Stp 3)
2025-09-19,3,0,0,2.0,32.0,144.0,112.0,140.0,WIN on 9 (Stp 4)
2025-09-22,2,5,2,4.0,2.0,0.0,-2.0,138.0,LOSS (Stp 1)
2025-09-22,3,0,0,2.0,8.0,36.0,28.0,166.0,WIN on 3 (Stp 2)
2025-09-24,2,5,2,4.0,2.0,0.0,-2.0,164.0,LOSS (Stp 1)
2025-09-24,3,6,3,8.0,8.0,0.0,-8.0,156.0,LOSS (Stp 2)
2025-09-25,2,8,4,16.0,8.0,0.0,-8.0,148.0,LOSS (Stp 3)
2025-09-25,3,9,5,32.0,32.0,0.0,-32.0,116.0,LOSS (Stp 4)
2025-09-27,2,11,6,64.0,32.0,0.0,-32.0,84.0,LOSS (Stp 5)
2025-09-27,3,0,0,2.0,128.0,576.0,448.0,532.0,WIN on 8 (Stp 6)
2025-09-29,2,6,2,4.0,2.0,0.0,-2.0,530.0,LOSS (Stp 1)
2025-09-29,3,0,0,2.0,8.0,36.0,28.0,558.0,WIN on 1 (Stp 2)
2025-10-01,2,0,0,2.0,2.0,18.0,16.0,574.0,WIN on 5 (Stp 1)
2025-10-03,2,5,2,4.0,2.0,0.0,-2.0,572.0,LOSS (Stp 1)
2025-10-03,3,0,0,2.0,8.0,36.0,28.0,600.0,WIN on 8 (Stp 2)
2025-10-06,2,5,2,4.0,2.0,0.0,-2.0,598.0,LOSS (Stp 1)
2025-10-06,3,6,3,8.0,8.0,0.0,-8.0,590.0,LOSS (Stp 2)
2025-10-07,2,8,4,16.0,8.0,0.0,-8.0,582.0,LOSS (Stp 3)
2025-10-07,3,9,5,32.0,32.0,0.0,-32.0,550.0,LOSS (Stp 4)
2025-10-08,2,0,0,2.0,32.0,288.0,256.0,806.0,WIN on 3 (Stp 5)
2025-10-11,2,5,2,4.0,2.0,0.0,-2.0,804.0,LOSS (Stp 1)
2025-10-11,3,6,3,8.0,8.0,0.0,-8.0,796.0,LOSS (Stp 2)
2025-10-12,2,8,4,16.0,8.0,0.0,-8.0,788.0,LOSS (Stp 3)
2025-10-12,3,0,0,2.0,32.0,144.0,112.0,900.0,WIN on 9 (Stp 4)
2025-10-16,2,5,2,4.0,2.0,0.0,-2.0,898.0,LOSS (Stp 1)
2025-10-16,3,6,3,8.0,8.0,0.0,-8.0,890.0,LOSS (Stp 2)
2025-10-17,2,8,4,16.0,8.0,0.0,-8.0,882.0,LOSS (Stp 3)
2025-10-17,3,9,5,32.0,32.0,0.0,-32.0,850.0,LOSS (Stp 4)
2025-10-18,2,11,6,64.0,32.0,0.0,-32.0,818.0,LOSS (Stp 5)
2025-10-18,3,12,0,2.0,128.0,0.0,-128.0,690.0,LOSS (Stp 6) [STOP LOSS]
2025-10-19,2,14,2,4.0,2.0,0.0,-2.0,688.0,LOSS (Stp 1)
2025-10-19,3,0,0,2.0,8.0,36.0,28.0,716.0,WIN on 0 (Stp 2)
2025-10-24,2,6,2,4.0,2.0,0.0,-2.0,714.0,LOSS (Stp 1)
2025-10-24,3,7,3,8.0,8.0,0.0,-8.0,706.0,LOSS (Stp 2)
2025-10-25,2,9,4,16.0,8.0,0.0,-8.0,698.0,LOSS (Stp 3)
2025-10-25,3,10,5,32.0,32.0,0.0,-32.0,666.0,LOSS (Stp 4)
2025-10-26,2,12,6,64.0,32.0,0.0,-32.0,634.0,LOSS (Stp 5)
2025-10-26,3,0,0,2.0,128.0,576.0,448.0,1082.0,WIN on 5 (Stp 6)
2025-10-28,2,5,2,4.0,2.0,0.0,-2.0,1080.0,LOSS (Stp 1)
2025-10-28,3,6,3,8.0,8.0,0.0,-8.0,1072.0,LOSS (Stp 2)
2025-10-29,2,8,4,16.0,8.0,0.0,-8.0,1064.0,LOSS (Stp 3)
2025-10-29,3,9,5,32.0,32.0,0.0,-32.0,1032.0,LOSS (Stp 4)
2025-10-30,2,11,6,64.0,32.0,0.0,-32.0,1000.0,LOSS (Stp 5)
2025-10-30,3,12,0,2.0,128.0,0.0,-128.0,872.0,LOSS (Stp 6) [STOP LOSS]
2025-10-31,2,14,2,4.0,2.0,0.0,-2.0,870.0,LOSS (Stp 1)
2025-10-31,3,0,0,2.0,8.0,36.0,28.0,898.0,WIN on 8 (Stp 2)
2025-11-02,2,0,0,2.0,2.0,18.0,16.0,914.0,WIN on 0 (Stp 1)
2025-11-03,4,5,2,4.0,6.0,0.0,-6.0,908.0,LOSS (Stp 1)
2025-11-04,2,7,3,8.0,4.0,0.0,-4.0,904.0,LOSS (Stp 2)
2025-11-04,3,0,0,2.0,16.0,72.0,56.0,960.0,WIN on 2 (Stp 3)
2025-11-06,2,6,2,4.0,2.0,0.0,-2.0,958.0,LOSS (Stp 1)
2025-11-06,3,7,3,8.0,8.0,0.0,-8.0,950.0,LOSS (Stp 2)
2025-11-07,2,9,4,16.0,8.0,0.0,-8.0,942.0,LOSS (Stp 3)
2025-11-07,3,10,5,32.0,32.0,0.0,-32.0,910.0,LOSS (Stp 4)
2025-11-08,2,12,6,64.0,32.0,0.0,-32.0,878.0,LOSS (Stp 5)
2025-11-08,3,0,0,2.0,128.0,576.0,448.0,1326.0,WIN on 7 (Stp 6)
2025-11-10,4,5,2,4.0,6.0,0.0,-6.0,1320.0,LOSS (Stp 1)
2025-11-11,2,7,3,8.0,4.0,0.0,-4.0,1316.0,LOSS (Stp 2)
2025-11-11,3,8,4,16.0,16.0,0.0,-16.0,1300.0,LOSS (Stp 3)
2025-11-11,4,0,0,2.0,48.0,144.0,96.0,1396.0,WIN on 8 (Stp 4)
2025-11-15,4,5,2,4.0,6.0,0.0,-6.0,1390.0,LOSS (Stp 1)
2025-11-16,2,7,3,8.0,4.0,0.0,-4.0,1386.0,LOSS (Stp 2)
2025-11-16,3,8,4,16.0,16.0,0.0,-16.0,1370.0,LOSS (Stp 3)
2025-11-17,2,10,5,32.0,16.0,0.0,-16.0,1354.0,LOSS (Stp 4)
2025-11-17,3,0,0,2.0,64.0,288.0,224.0,1578.0,WIN on 6 (Stp 5)
2025-11-19,2,0,0,2.0,2.0,18.0,16.0,1594.0,WIN on 9 (Stp 1)
2025-11-21,2,6,2,4.0,2.0,0.0,-2.0,1592.0,LOSS (Stp 1)
2025-11-21,3,7,3,8.0,8.0,0.0,-8.0,1584.0,LOSS (Stp 2)
2025-11-22,2,9,4,16.0,8.0,0.0,-8.0,1576.0,LOSS (Stp 3)
2025-11-22,3,0,0,2.0,32.0,144.0,112.0,1688.0,WIN on 9 (Stp 4)
2025-11-25,2,6,2,4.0,2.0,0.0,-2.0,1686.0,LOSS (Stp 1)
2025-11-25,3,7,3,8.0,8.0,0.0,-8.0,1678.0,LOSS (Stp 2)
2025-11-26,2,9,4,16.0,8.0,0.0,-8.0,1670.0,LOSS (Stp 3)
2025-11-26,3,10,5,32.0,32.0,0.0,-32.0,1638.0,LOSS (Stp 4)
2025-11-27,2,12,6,64.0,32.0,0.0,-32.0,1606.0,LOSS (Stp 5)
2025-11-27,3,0,0,2.0,128.0,576.0,448.0,2054.0,WIN on 6 (Stp 6)
2025-11-29,2,6,2,4.0,2.0,0.0,-2.0,2052.0,LOSS (Stp 1)
2025-11-29,3,7,3,8.0,8.0,0.0,-8.0,2044.0,LOSS (Stp 2)
2025-11-29,4,8,4,16.0,24.0,0.0,-24.0,2020.0,LOSS (Stp 3)
2025-11-30,2,10,5,32.0,16.0,0.0,-16.0,2004.0,LOSS (Stp 4)
2025-11-30,3,0,0,2.0,64.0,288.0,224.0,2228.0,WIN on 8 (Stp 5)
2025-12-02,2,6,2,4.0,2.0,0.0,-2.0,2226.0,LOSS (Stp 1)
2025-12-02,3,7,3,8.0,8.0,0.0,-8.0,2218.0,LOSS (Stp 2)
2025-12-02,4,8,4,16.0,24.0,0.0,-24.0,2194.0,LOSS (Stp 3)
2025-12-03,2,10,5,32.0,16.0,0.0,-16.0,2178.0,LOSS (Stp 4)
2025-12-03,3,11,6,64.0,64.0,0.0,-64.0,2114.0,LOSS (Stp 5)
2025-12-04,2,13,0,2.0,64.0,0.0,-64.0,2050.0,LOSS (Stp 6) [STOP LOSS]
2025-12-04,3,14,2,4.0,4.0,0.0,-4.0,2046.0,LOSS (Stp 1)
2025-12-05,2,16,3,8.0,4.0,0.0,-4.0,2042.0,LOSS (Stp 2)
2025-12-05,3,17,4,16.0,16.0,0.0,-16.0,2026.0,LOSS (Stp 3)
2025-12-06,2,19,5,32.0,16.0,0.0,-16.0,2010.0,LOSS (Stp 4)
2025-12-06,3,20,6,64.0,64.0,0.0,-64.0,1946.0,LOSS (Stp 5)
2025-12-07,2,22,0,2.0,64.0,0.0,-64.0,1882.0,LOSS (Stp 6) [STOP LOSS]
2025-12-07,3,23,2,4.0,4.0,0.0,-4.0,1878.0,LOSS (Stp 1)
2025-12-07,4,0,0,2.0,12.0,36.0,24.0,1902.0,WIN on 3 (Stp 2)
2025-12-10,2,5,2,4.0,2.0,0.0,-2.0,1900.0,LOSS (Stp 1)
2025-12-10,3,6,3,8.0,8.0,0.0,-8.0,1892.0,LOSS (Stp 2)
2025-12-11,2,8,4,16.0,8.0,0.0,-8.0,1884.0,LOSS (Stp 3)
2025-12-11,3,9,5,32.0,32.0,0.0,-32.0,1852.0,LOSS (Stp 4)
2025-12-12,2,11,6,64.0,32.0,0.0,-32.0,1820.0,LOSS (Stp 5)
2025-12-12,3,12,0,2.0,128.0,0.0,-128.0,1692.0,LOSS (Stp 6) [STOP LOSS]
2025-12-13,2,14,2,4.0,2.0,0.0,-2.0,1690.0,LOSS (Stp 1)
2025-12-13,3,0,0,2.0,8.0,36.0,28.0,1718.0,WIN on 9 (Stp 2)
2025-12-15,2,6,2,4.0,2.0,0.0,-2.0,1716.0,LOSS (Stp 1)
2025-12-15,3,7,3,8.0,8.0,0.0,-8.0,1708.0,LOSS (Stp 2)
2025-12-15,4,8,4,16.0,24.0,0.0,-24.0,1684.0,LOSS (Stp 3)
2025-12-16,2,10,5,32.0,16.0,0.0,-16.0,1668.0,LOSS (Stp 4)
2025-12-16,3,11,6,64.0,64.0,0.0,-64.0,1604.0,LOSS (Stp 5)
2025-12-16,4,12,0,2.0,192.0,0.0,-192.0,1412.0,LOSS (Stp 6) [STOP LOSS]
2025-12-17,2,14,2,4.0,2.0,0.0,-2.0,1410.0,LOSS (Stp 1)
2025-12-17,3,15,3,8.0,8.0,0.0,-8.0,1402.0,LOSS (Stp 2)
2025-12-17,4,16,4,16.0,24.0,0.0,-24.0,1378.0,LOSS (Stp 3)
2025-12-18,2,18,5,32.0,16.0,0.0,-16.0,1362.0,LOSS (Stp 4)
2025-12-18,3,19,6,64.0,64.0,0.0,-64.0,1298.0,LOSS (Stp 5)
2025-12-18,4,0,0,2.0,192.0,576.0,384.0,1682.0,WIN on 9 (Stp 6)
2025-12-22,2,5,2,4.0,2.0,0.0,-2.0,1680.0,LOSS (Stp 1)
2025-12-22,3,6,3,8.0,8.0,0.0,-8.0,1672.0,LOSS (Stp 2)
2025-12-23,2,8,4,16.0,8.0,0.0,-8.0,1664.0,LOSS (Stp 3)
2025-12-23,3,9,5,32.0,32.0,0.0,-32.0,1632.0,LOSS (Stp 4)
2025-12-24,2,0,0,2.0,32.0,288.0,256.0,1888.0,WIN on 5 (Stp 5)
2025-12-26,4,0,0,2.0,6.0,18.0,12.0,1900.0,WIN on 2 (Stp 1)
2025-12-29,2,5,2,4.0,2.0,0.0,-2.0,1898.0,LOSS (Stp 1)
2025-12-29,3,6,3,8.0,8.0,0.0,-8.0,1890.0,LOSS (Stp 2)
2025-12-30,2,8,4,16.0,8.0,0.0,-8.0,1882.0,LOSS (Stp 3)
2025-12-30,3,0,0,2.0,32.0,144.0,112.0,1994.0,WIN on 4 (Stp 4)
2026-01-03,2,5,2,4.0,2.0,0.0,-2.0,1992.0,LOSS (Stp 1)
2026-01-03,3,6,3,8.0,8.0,0.0,-8.0,1984.0,LOSS (Stp 2)
2026-01-03,4,0,0,2.0,24.0,72.0,48.0,2032.0,WIN on 6 (Stp 3)
2026-01-05,2,5,2,4.0,2.0,0.0,-2.0,2030.0,LOSS (Stp 1)
2026-01-05,3,6,3,8.0,8.0,0.0,-8.0,2022.0,LOSS (Stp 2)
2026-01-06,2,8,4,16.0,8.0,0.0,-8.0,2014.0,LOSS (Stp 3)
2026-01-06,3,9,5,32.0,32.0,0.0,-32.0,1982.0,LOSS (Stp 4)
2026-01-08,2,11,6,64.0,32.0,0.0,-32.0,1950.0,LOSS (Stp 5)
2026-01-08,3,12,0,2.0,128.0,0.0,-128.0,1822.0,LOSS (Stp 6) [STOP LOSS]
2026-01-08,4,13,2,4.0,6.0,0.0,-6.0,1816.0,LOSS (Stp 1)
2026-01-09,2,15,3,8.0,4.0,0.0,-4.0,1812.0,LOSS (Stp 2)
2026-01-09,3,0,0,2.0,16.0,72.0,56.0,1868.0,WIN on 7 (Stp 3)
2026-01-12,2,6,2,4.0,2.0,0.0,-2.0,1866.0,LOSS (Stp 1)
2026-01-12,3,0,0,2.0,8.0,36.0,28.0,1894.0,WIN on 9 (Stp 2)
2026-01-19,2,6,2,4.0,2.0,0.0,-2.0,1892.0,LOSS (Stp 1)
2026-01-19,3,0,0,2.0,8.0,36.0,28.0,1920.0,WIN on 5 (Stp 2)
2026-01-22,2,5,2,4.0,2.0,0.0,-2.0,1918.0,LOSS (Stp 1)
2026-01-22,3,6,3,8.0,8.0,0.0,-8.0,1910.0,LOSS (Stp 2)
2026-01-22,4,7,4,16.0,24.0,0.0,-24.0,1886.0,LOSS (Stp 3)
2026-01-23,2,9,5,32.0,16.0,0.0,-16.0,1870.0,LOSS (Stp 4)
2026-01-23,3,10,6,64.0,64.0,0.0,-64.0,1806.0,LOSS (Stp 5)
2026-01-24,2,12,0,2.0,64.0,0.0,-64.0,1742.0,LOSS (Stp 6) [STOP LOSS]
2026-01-24,3,0,0,2.0,4.0,18.0,14.0,1756.0,WIN on 4 (Stp 1)
2026-01-27,4,5,2,4.0,6.0,0.0,-6.0,1750.0,LOSS (Stp 1)
2026-01-28,2,7,3,8.0,4.0,0.0,-4.0,1746.0,LOSS (Stp 2)
2026-01-28,3,8,4,16.0,16.0,0.0,-16.0,1730.0,LOSS (Stp 3)
2026-01-28,4,9,5,32.0,48.0,0.0,-48.0,1682.0,LOSS (Stp 4)
